BusinessName,BusinessLink
Pioneer Farm,https://www.yellowpagesnepal.com/pioneer-farm
Agriflora (P) Ltd.,https://www.yellowpagesnepal.com/agriflora-p-ltd
APPSP,https://www.yellowpagesnepal.com/appsp
ATC Scientific Business Conservation Centre,https://www.yellowpagesnepal.com/atc-scientific-business-conservation-centre
Green Agriculture Technology Pvt. Ltd.,https://www.yellowpagesnepal.com/green-agriculture-technology-pvt-ltd
Met Group (P) Ltd.,https://www.yellowpagesnepal.com/met-group-p-ltd1
National Agriculture & Forestry (P) Ltd.,https://www.yellowpagesnepal.com/national-agriculture-and-forestry-p-ltd
P. S. Agrovet,https://www.yellowpagesnepal.com/p-s-agrovet
Pumori Agro Forestry Industries (P) Ltd.,https://www.yellowpagesnepal.com/pumori-agro-forestry-industries-p-ltd
"Butwal automobile,all kinds of agriculture machine",https://www.yellowpagesnepal.com/butwal-automobile-all-kinds-of-agriculture-machine
Dakshinkali Beej Bhandar,https://www.yellowpagesnepal.com/dakshinkali-beej-bhandar
OX ROTAVATORS,https://www.yellowpagesnepal.com/ox-rotavators
Shree Maruti Exim,https://www.yellowpagesnepal.com/shree-maruti-exim
SKT Nepal Pvt Ltd,https://www.yellowpagesnepal.com/skt-nepal-pvt-ltd
SK Traders,https://www.yellowpagesnepal.com/sk-traders
butwal automobil,https://www.yellowpagesnepal.com/butwal-automobil
Lama Stinging Nettle Producation Company,https://www.yellowpagesnepal.com/lama-stinging-nettle-producation-company
Mero Agro Pvt. Ltd.,https://www.yellowpagesnepal.com/mero-agro-pvt-ltd
Rongdar Intrenational Limited,https://www.yellowpagesnepal.com/rongdar-intrenational-limited
Sudarshan Consolidated Limited (SCL),https://www.yellowpagesnepal.com/sudarshan-consolidated-limited-scl
Abhi Raj thresher manufacturers and treders,https://www.yellowpagesnepal.com/abhi-raj-thresher-manufacturers-and-treders
dowellsonic,https://www.yellowpagesnepal.com/dowellsonic
puantistres,https://www.yellowpagesnepal.com/puantistres
bahuvida limited,https://www.yellowpagesnepal.com/bahuvida-limited
nylon2018,https://www.yellowpagesnepal.com/nylon2018
Butwal krishi yantra ghar,https://www.yellowpagesnepal.com/butwal-krishi-yantra-ghar
ร ยคยฌร ยฅยร ยคลธร ยคยตร ยคยฒ ร ยคโขร ยฅฦร ยคยทร ยคยฟ ร ยคยฏร ยคยจร ยฅยร ยคยคร ยฅยร ยคยฐ ร ยคหร ยคยฐ,https://www.yellowpagesnepal.com/1
Shengzhou Fusheng Machinery and Electrics,https://www.yellowpagesnepal.com/shengzhou-fusheng-machinery-and-electrics
comeonbaby,https://www.yellowpagesnepal.com/comeonbaby1
ร ยคยฌร ยฅยร ยคลธร ยคยตร ยคยฒ ร ยคโขร ยฅฦร ยคยทร ยคยฟ ร ยคยฏร ยคยจร ยฅยร ยคยคร ยฅยร ยคยฐ ร ยคหร ยคยฐ,https://www.yellowpagesnepal.com/
"Zhejiang Jinxia New Material Technology Co., Ltd.",https://www.yellowpagesnepal.com/zhejiang-jinxia-new-material-technology-co-ltd
ร ยคยฌร ยฅยร ยคลธร ยคยตร ยคยฒ ร ยคโขร ยฅฦร ยคยทร ยคยฟ ร ยคยฏร ยคยจร ยฅยร ยคยคร ยฅยร ยคยฐ ร ยคหร ยคยฐ,https://www.yellowpagesnepal.com/4
Butwal krishi yantra ghar,https://www.yellowpagesnepal.com/butwal-krishi-yantra-ghar1
"Zhejiang trewers electric bicycle manufacturing Co., Ltd.",https://www.yellowpagesnepal.com/zhejiang-trewers-electric-bicycle-manufacturing-co-ltd
goodlifts,https://www.yellowpagesnepal.com/goodlifts1
Eggs incubator,https://www.yellowpagesnepal.com/eggs-incubator
"รย Shengzhou Tianyi Electric Appliance Co., Ltd.",https://www.yellowpagesnepal.com/shengzhou-tianyi-electric-appliance-co-ltd
mjhg,https://www.yellowpagesnepal.com/mjhg
"Shaoxing Sky Up Textile Co.,Ltd",https://www.yellowpagesnepal.com/shaoxing-sky-up-textile-co-ltd
Ningbo Zhenhai Jinlong Sewing,https://www.yellowpagesnepal.com/ningbo-zhenhai-jinlong-sewing1
"Zhoushan first plastic machinery co, .ltd.",https://www.yellowpagesnepal.com/zhoushan-first-plastic-machinery-co-ltd
Shaoxing Jinlong Machinery Manufacture CO. Ltd.,https://www.yellowpagesnepal.com/shaoxing-jinlong-machinery-manufacture-co-ltd
Eggs incubator,https://www.yellowpagesnepal.com/eggs-incubator1
AeromaX Poultry Equipments,https://www.yellowpagesnepal.com/aeromax-poultry-equipments
"Ningbo Fidek sealing technology co.,ltd.",https://www.yellowpagesnepal.com/ningbo-fidek-sealing-technology-co-ltd1
"Tenau Elevator (China) Co., Ltd",https://www.yellowpagesnepal.com/tenau-elevator-china-co-ltd2
"Shanghai Ruikai tent manufacture Co., Ltd",https://www.yellowpagesnepal.com/shanghai-ruikai-tent-manufacture-co-ltd
"Jiaxing TianÂ HeÂ Cheng Bio-technology Co., Ltd",https://www.yellowpagesnepal.com/jiaxing-tianhecheng-bio-technology-co-ltd
"Jiaxing TianÂ HeÂ Cheng Bio-technology Co., Ltd",https://www.yellowpagesnepal.com/jiaxing-tianhecheng-bio-technology-co-ltd3
Greenlife Agrotech Company,https://www.yellowpagesnepal.com/greenlife-agrotech-company
Jonloo valve,https://www.yellowpagesnepal.com/jonloo-valve
Nepal Alibaba Treks and Tours Pvt. ltd,https://www.yellowpagesnepal.com/nepal-alibaba-treks-and-tours-pvt-ltd
bundle note counting machine,https://www.yellowpagesnepal.com/bundle-note-counting-machine
"Jiaxing Shijie Non-woven Products Co., Ltd.",https://www.yellowpagesnepal.com/jiaxing-shijie-non-woven-products-co-ltd
"Ningbo Hicon International Industry Co., Ltd.",https://www.yellowpagesnepal.com/ningbo-hicon-international-industry-co-ltd
velama matrimony,https://www.yellowpagesnepal.com/velama-matrimony
"Zhejiang CONCO Antistatic Technology Co.,Ltd.",https://www.yellowpagesnepal.com/zhejiang-conco-antistatic-technology-co-ltd
"shaoxing aomei sanitary ware co.,ltd",https://www.yellowpagesnepal.com/shaoxing-aomei-sanitary-ware-co-ltd
Dharmaj Crop Guard Limited,https://www.yellowpagesnepal.com/dharmaj-crop-guard-limited
FlightstoLondon,https://www.yellowpagesnepal.com/flightstolondon2
Yican Handicraft Factory,https://www.yellowpagesnepal.com/yican-handicraft-factory
adsoftanma,https://www.yellowpagesnepal.com/adsoftanma
adslocsearch,https://www.yellowpagesnepal.com/adslocsearch
Watchcookie,https://www.yellowpagesnepal.com/watchcookie
D-KAM Microsystems (P). Ltd.,https://www.yellowpagesnepal.com/d-kam-microsystems-p-ltd
mohit tandon human trafficking,https://www.yellowpagesnepal.com/mohit-tandon-human-trafficking
SemTech IT Solutions,https://www.yellowpagesnepal.com/semtech-it-solutions
financial portfolio into viable and lucrative business,https://www.yellowpagesnepal.com/financial-portfolio-into-viable-and-lucrative-business
Maclight Display,https://www.yellowpagesnepal.com/maclight-display
All Frozen Foods LLC,https://www.yellowpagesnepal.com/all-frozen-foods-llc
Freelance Web,https://www.yellowpagesnepal.com/freelance-web
avakar,https://www.yellowpagesnepal.com/avakar
avakar,https://www.yellowpagesnepal.com/avakar1
HANGING DOOR STOPPER,https://www.yellowpagesnepal.com/hanging-door-stopper
"Updated all mobile price in Bangladesh 2020. Get all the Information about mobile phone, Price, features, Store Location, Authorized Dealer in BD. https://mobileprice-bangladesh.com/",https://www.yellowpagesnepal.com/updated-all-mobile-price-in-bangladesh-2020-get-all-the-information-about-mobile-phone-price-features-store-location-authorized-dealer-in-bd-https-mobileprice-bangladesh-com
Cattle Feed Manufacturers and Suppliers,https://www.yellowpagesnepal.com/cattle-feed-manufacturers-and-suppliers
Technology,https://www.yellowpagesnepal.com/technology1
Technology,https://www.yellowpagesnepal.com/technology3
Technology,https://www.yellowpagesnepal.com/technology4
Technology,https://www.yellowpagesnepal.com/technology5
Technology,https://www.yellowpagesnepal.com/technology6
Technology,https://www.yellowpagesnepal.com/technology7
majesticroots,https://www.yellowpagesnepal.com/majesticroots
Victor Metlege,https://www.yellowpagesnepal.com/victor-metlege
Exports India - JPR's International Private Limited Company,https://www.yellowpagesnepal.com/exports-india-jprs-international-private-limited-company
New Beginnings Plumbing,https://www.yellowpagesnepal.com/new-beginnings-plumbing
olympia,https://www.yellowpagesnepal.com/olympia
categories,https://www.yellowpagesnepal.com/categories
softwaref9,https://www.yellowpagesnepal.com/softwaref9
software G34,https://www.yellowpagesnepal.com/software-g34
Alpha Meds Supply,https://www.yellowpagesnepal.com/alpha-meds-supply
https://mohittandonchicago.com/,https://www.yellowpagesnepal.com/https-mohittandonchicago-com
https://mohittandonchicago.com/,https://www.yellowpagesnepal.com/https-mohittandonchicago-com1
Automation Good And Supply Equipment's,https://www.yellowpagesnepal.com/automation-good-and-supply-equipments
Teragnix,https://www.yellowpagesnepal.com/teragnix
Jaipur Escorts,https://www.yellowpagesnepal.com/jaipur-escorts
infotech12,https://www.yellowpagesnepal.com/infotech12
canshnet,https://www.yellowpagesnepal.com/canshnet
softwareword,https://www.yellowpagesnepal.com/softwareword
softwareAD,https://www.yellowpagesnepal.com/softwaread
ZEEmart67,https://www.yellowpagesnepal.com/zeemart67
software80,https://www.yellowpagesnepal.com/software80
ecommerce developemnt services,https://www.yellowpagesnepal.com/ecommerce-developemnt-services
Nepal Agro Yantra Pvt.Ltd,https://www.yellowpagesnepal.com/nepal-agro-yantra-pvt-ltd
Smart contract development companes,https://www.yellowpagesnepal.com/smart-contract-development-companes
Education app development companies,https://www.yellowpagesnepal.com/education-app-development-companies
zohomat,https://www.yellowpagesnepal.com/zohomat
mazho,https://www.yellowpagesnepal.com/mazho
Makaibari Fish Farm,https://www.yellowpagesnepal.com/makaibari-fish-farm
e2soft,https://www.yellowpagesnepal.com/e2soft
suggestcore,https://www.yellowpagesnepal.com/suggestcore
leedSAD,https://www.yellowpagesnepal.com/leedsad
Weight Lose,https://www.yellowpagesnepal.com/weight-lose
hilton,https://www.yellowpagesnepal.com/hilton
DalVV,https://www.yellowpagesnepal.com/dalvv
maiyaaa,https://www.yellowpagesnepal.com/maiyaaa
badabro,https://www.yellowpagesnepal.com/badabro
E-mazs,https://www.yellowpagesnepal.com/e-mazs
SAASMo,https://www.yellowpagesnepal.com/saasmo
ZEEmont,https://www.yellowpagesnepal.com/zeemont
monthouse,https://www.yellowpagesnepal.com/monthouse
olympia,https://www.yellowpagesnepal.com/olympia1
disee7,https://www.yellowpagesnepal.com/disee7
hosting111,https://www.yellowpagesnepal.com/hosting111
Seti Devi krishi farm,https://www.yellowpagesnepal.com/seti-devi-krishi-farm
Buy ACNH Items & Bells - AKRPG,https://www.yellowpagesnepal.com/buy-acnh-items-and-bells-akrpg
Manaslu Base Camp Trek - Himalayan Frozen Adventure,https://www.yellowpagesnepal.com/manaslu-base-camp-trek-himalayan-frozen-adventure
Love Problem Solution Astrologer,https://www.yellowpagesnepal.com/love-problem-solution-astrologer
bransensor,https://www.yellowpagesnepal.com/bransensor
foodraju,https://www.yellowpagesnepal.com/foodraju
agitosp,https://www.yellowpagesnepal.com/agitosp
citysun,https://www.yellowpagesnepal.com/citysun
listofmicronations,https://www.yellowpagesnepal.com/listofmicronations
Pokhara Meat Mart-Online Meat mart Pokhara,https://www.yellowpagesnepal.com/pokhara-meat-mart-online-meat-mart-pokhara
sciencepeptide,https://www.yellowpagesnepal.com/sciencepeptide
keyopacker,https://www.yellowpagesnepal.com/keyopacker
keyopacker,https://www.yellowpagesnepal.com/keyopacker1
Zeno Pellet Machine,https://www.yellowpagesnepal.com/zeno-pellet-machine
auriculares cancelación ruido baratos,https://www.yellowpagesnepal.com/auriculares-cancelacin-ruido-baratos
T. R. Himalayan Sherpa Agro Farm Pvt. Ltd.,https://www.yellowpagesnepal.com/t-r-himalayan-sherpa-agro-farm-pvt-ltd
Spouwmuurisolatie,https://www.yellowpagesnepal.com/spouwmuurisolatie
sattaking,https://www.yellowpagesnepal.com/sattaking
Not my Fault,https://www.yellowpagesnepal.com/not-my-fault
Miah Electric,https://www.yellowpagesnepal.com/miah-electric
Zans group,https://www.yellowpagesnepal.com/zans-group
plus size,https://www.yellowpagesnepal.com/plus-size
saeeddeveloper.com,https://www.yellowpagesnepal.com/saeeddeveloper-com
khetigaadi,https://www.yellowpagesnepal.com/khetigaadi
Mitra Agro,https://www.yellowpagesnepal.com/mitra-agro
painters near me,https://www.yellowpagesnepal.com/painters-near-me
digital,https://www.yellowpagesnepal.com/digital
Shijiazhuang Synmec International Trading Limitied,https://www.yellowpagesnepal.com/shijiazhuang-synmec-international-trading-limitied
online bengali baba,https://www.yellowpagesnepal.com/online-bengali-baba
packhit,https://www.yellowpagesnepal.com/packhit1
packhit,https://www.yellowpagesnepal.com/packhit2
Sagun Agro,https://www.yellowpagesnepal.com/sagun-agro
24K-Galaxyrose,https://www.yellowpagesnepal.com/24k-galaxyrose
dramacoolgo,https://www.yellowpagesnepal.com/dramacoolgo
Wkurwia mnie,https://www.yellowpagesnepal.com/wkurwia-mnie
runbearing,https://www.yellowpagesnepal.com/runbearing
Eurovin,https://www.yellowpagesnepal.com/eurovin
khetigaadi,https://www.yellowpagesnepal.com/khetigaadi1
oflips,https://www.yellowpagesnepal.com/oflips
ceiecpacks,https://www.yellowpagesnepal.com/ceiecpacks1
Top7th Movers,https://www.yellowpagesnepal.com/top7th-movers
ceiecpacks,https://www.yellowpagesnepal.com/ceiecpacks2
India Taza,https://www.yellowpagesnepal.com/india-taza
Sulphur Crop Care Pvt. Ltd.,https://www.yellowpagesnepal.com/sulphur-crop-care-pvt-ltd
tripinn,https://www.yellowpagesnepal.com/tripinn
"Taizhou Eanon Net Industry Co., Ltd.",https://www.yellowpagesnepal.com/taizhou-eanon-net-industry-co-ltd
Zeno Farm Machinery Company,https://www.yellowpagesnepal.com/zeno-farm-machinery-company
tradearmour,https://www.yellowpagesnepal.com/tradearmour
uniquepaintnumbers,https://www.yellowpagesnepal.com/uniquepaintnumbers
AIdan Meadows Creatives,https://www.yellowpagesnepal.com/aidan-meadows-creatives
jcmetal,https://www.yellowpagesnepal.com/jcmetal
MyGuitarPicks,https://www.yellowpagesnepal.com/myguitarpicks
Technolangs,https://www.yellowpagesnepal.com/technolangs
Green Life AgroTech Company Pvt.Ltd.,https://www.yellowpagesnepal.com/green-life-agrotech-company-pvt-ltd
bocoran slot gacor,https://www.yellowpagesnepal.com/bocoran-slot-gacor
SbGroupNepal,https://www.yellowpagesnepal.com/sbgroupnepal8
SbGroupNepal,https://www.yellowpagesnepal.com/sbgroupnepal9
mybestcuttingboard,https://www.yellowpagesnepal.com/mybestcuttingboard
Omega Solar Pvt Ltd,https://www.yellowpagesnepal.com/omega-solar-pvt-ltd1
Power attestation services,https://www.yellowpagesnepal.com/power-attestation-services
Sansar Ceramics,https://www.yellowpagesnepal.com/sansar-ceramics
Aurorapromise,https://www.yellowpagesnepal.com/aurorapromise
Baby Sleep Magic Pty Ltd,https://www.yellowpagesnepal.com/baby-sleep-magic-pty-ltd
Botox Singapore,https://www.yellowpagesnepal.com/botox-singapore
tn,https://www.yellowpagesnepal.com/tn
Agri Business Review,https://www.yellowpagesnepal.com/agri-business-review
SbGroupNepal,https://www.yellowpagesnepal.com/sbgroupnepal10
SbGroupNepal,https://www.yellowpagesnepal.com/sbgroupnepal11
lkasna,https://www.yellowpagesnepal.com/lkasna
SPRSUN,https://www.yellowpagesnepal.com/sprsun
colorist logo,https://www.yellowpagesnepal.com/colorist-logo
Dakimakura,https://www.yellowpagesnepal.com/dakimakura
nobitaslot,https://www.yellowpagesnepal.com/nobitaslot2
laundry,https://www.yellowpagesnepal.com/laundry
SBGROUP NEPAL - AgroTech Industry,https://www.yellowpagesnepal.com/sbgroup-nepal-agrotech-industry2
Erotic stories in hindi,https://www.yellowpagesnepal.com/erotic-stories-in-hindi
Erotic stories,https://www.yellowpagesnepal.com/erotic-stories
wqewqe,https://www.yellowpagesnepal.com/wqewqe
werwer,https://www.yellowpagesnepal.com/werwer
ņĢłņĀäļåĆņØ┤Ēä░,https://www.yellowpagesnepal.com/26
ņŖ¼ļĪ»ņé¼ņØ┤ĒŖĖ,https://www.yellowpagesnepal.com/27
Nepal Agro Yantra Pvt.Ltd,https://www.yellowpagesnepal.com/nepal-agro-yantra-pvt-ltd1
Custom Face Pillow,https://www.yellowpagesnepal.com/custom-face-pillow
Victor Pellet Mill,https://www.yellowpagesnepal.com/victor-pellet-mill
Victor Pellet Machine,https://www.yellowpagesnepal.com/victor-pellet-machine
mt-market,https://www.yellowpagesnepal.com/mt-market
NatureŌĆÖs Basket,https://www.yellowpagesnepal.com/natures-basket
cjlift,https://www.yellowpagesnepal.com/cjlift
cjlift,https://www.yellowpagesnepal.com/cjlift1
mtmarket13,https://www.yellowpagesnepal.com/mtmarket13
psstar,https://www.yellowpagesnepal.com/psstar
qavpyy,https://www.yellowpagesnepal.com/qavpyy
zzahkew,https://www.yellowpagesnepal.com/zzahkew
mtccompany,https://www.yellowpagesnepal.com/mtccompany
iranradiatorshop,https://www.yellowpagesnepal.com/iranradiatorshop
JDSG,https://www.yellowpagesnepal.com/jdsg
bvjcygdubbawrgd,https://www.yellowpagesnepal.com/bvjcygdubbawrgd
mudfkjduwg,https://www.yellowpagesnepal.com/mudfkjduwg
Tufflift,https://www.yellowpagesnepal.com/tufflift
Victor Pellet Mill,https://www.yellowpagesnepal.com/victor-pellet-mill1
PT Bola Bandar Judi Bola Online Terpercaya,https://www.yellowpagesnepal.com/pt-bola-bandar-judi-bola-online-terpercaya
Preshil,https://www.yellowpagesnepal.com/preshil
Paramount Liquor,https://www.yellowpagesnepal.com/paramount-liquor
Van Conversion in Canada,https://www.yellowpagesnepal.com/van-conversion-in-canada
GEONSPHERE INDIA,https://www.yellowpagesnepal.com/geonsphere-india
bransloadcell,https://www.yellowpagesnepal.com/bransloadcell
At What Age Your Baby Can Use a Walker,https://www.yellowpagesnepal.com/at-what-age-your-baby-can-use-a-walker
Best Patient Care Services in Mumbai,https://www.yellowpagesnepal.com/best-patient-care-services-in-mumbai
Honeycomb blinds dealer in Mumbai,https://www.yellowpagesnepal.com/honeycomb-blinds-dealer-in-mumbai
Air Force Roofing,https://www.yellowpagesnepal.com/air-force-roofing
polototo totomacau,https://www.yellowpagesnepal.com/polototo-totomacau
Tractors Corner Fiji - Tractors For Sale,https://www.yellowpagesnepal.com/tractors-corner-fiji-tractors-for-sale
ļ¼┤ļŻīņżæĻ│ä,https://www.yellowpagesnepal.com/28
ļ¼┤ļŻīņżæĻ│ä,https://www.yellowpagesnepal.com/29
ņĢłņĀäļåĆņØ┤Ēä░ņł£ņ£ä,https://www.yellowpagesnepal.com/30
baby feeding set,https://www.yellowpagesnepal.com/baby-feeding-set
๋จนํ๊ฒ์ฆ์ปค๋ฎค๋ํฐ,https://www.yellowpagesnepal.com/31
ํ ํ ๊ฒ์ฆ์ปค๋ฎค๋ํฐ,https://www.yellowpagesnepal.com/32
์บก์ฌ์ดํธ,https://www.yellowpagesnepal.com/33
CAB์ฃผ์,https://www.yellowpagesnepal.com/cab
freight shipping company,https://www.yellowpagesnepal.com/freight-shipping-company1
Shipping To FBA Warehouse From China,https://www.yellowpagesnepal.com/shipping-to-fba-warehouse-from-china1
Courtier immobilier Hull,https://www.yellowpagesnepal.com/courtier-immobilier-hull1
๋จนํ๊ฒ์ฆ,https://www.yellowpagesnepal.com/34
buy web traffic,https://www.yellowpagesnepal.com/buy-web-traffic
ํ๋ผ๋ ํ ํ,https://www.yellowpagesnepal.com/35
์์ ์ฌ์ดํธ,https://www.yellowpagesnepal.com/36
๋ฃธ์๋ฐ,https://www.yellowpagesnepal.com/37
antminer L7,https://www.yellowpagesnepal.com/antminer-l7
๋ฐ์นด๋ผ์ฌ์ดํธ,https://www.yellowpagesnepal.com/38
BALCONY BALUSTRADE,https://www.yellowpagesnepal.com/balcony-balustrade
BALCONY BALUSTRADE,https://www.yellowpagesnepal.com/balcony-balustrade1
๋จนํ๊ฒ์ฆ,https://www.yellowpagesnepal.com/39
๊ทธ๋ํ์ฌ์ดํธ,https://www.yellowpagesnepal.com/40
๋จนํํด๋ฆฌ์ค,https://www.yellowpagesnepal.com/41
meogtwipolice,https://www.yellowpagesnepal.com/meogtwipolice
ŪÜ†ŪÜ†žĽ§Žģ§ŽčąŪčį,https://www.yellowpagesnepal.com/42
commercial furniture,https://www.yellowpagesnepal.com/commercial-furniture
ŽįĒžĻīŽĚľžā¨žĚīŪäł,https://www.yellowpagesnepal.com/43
ŽįĒžĻīŽĚľžā¨žĚīŪäł,https://www.yellowpagesnepal.com/44
žä¨Ž°ĮŽ®łžč†,https://www.yellowpagesnepal.com/45
ŽĻĄžēĄÍ∑łŽĚľ ÍĶ¨žěÖ,https://www.yellowpagesnepal.com/46
ŽĻĄžēĄÍ∑łŽĚľ ÍĶ¨žěÖ,https://www.yellowpagesnepal.com/47
ÍĹĀŽ®łŽčą,https://www.yellowpagesnepal.com/49
Womens Health Melbourne,https://www.yellowpagesnepal.com/womens-health-melbourne
Escorts Agency,https://www.yellowpagesnepal.com/escorts-agency
ŪÜ†ŪÜ†žēąž†Ąžā¨žĚīŪäł,https://www.yellowpagesnepal.com/50
french bed,https://www.yellowpagesnepal.com/french-bed
SSD AB ACTIVATION CLEANING SOLUTION COMPANY LTD Our founding purpose (since 1956):+201125033434,https://www.yellowpagesnepal.com/ssd-ab-activation-cleaning-solution-company-ltd-our-founding-purpose-since-1956-201125033434
ÍįēŽā®Ž†ąÍĻÖžä§Ž£ł,https://www.yellowpagesnepal.com/51
ŽČīŪÜ†ŽĀľ,https://www.yellowpagesnepal.com/52
Podiatry Healthcare,https://www.yellowpagesnepal.com/podiatry-healthcare
yournamenecklaceuk,https://www.yellowpagesnepal.com/yournamenecklaceuk
ŪÜ†ŪÜ†žā¨žĚīŪäł,https://www.yellowpagesnepal.com/54
"Huzhou Zhihe Technology Co., Ltd",https://www.yellowpagesnepal.com/huzhou-zhihe-technology-co-ltd
Worst SMM Panel,https://www.yellowpagesnepal.com/worst-smm-panel
moviesmadlol,https://www.yellowpagesnepal.com/moviesmadlol
Live Hosting,https://www.yellowpagesnepal.com/live-hosting
Vidalistatablet,https://www.yellowpagesnepal.com/vidalistatablet2
moviesmadlol,https://www.yellowpagesnepal.com/moviesmadlol1
Mahipalpurnaughty,https://www.yellowpagesnepal.com/mahipalpurnaughty
bitmain antminer L7,https://www.yellowpagesnepal.com/bitmain-antminer-l7
Cascorentall,https://www.yellowpagesnepal.com/cascorentall
эЖаэЖаьВмьЭ┤эК╕,https://www.yellowpagesnepal.com/55
ьКмыбп,https://www.yellowpagesnepal.com/56
ыи╣эКАъ▓АьжЭ,https://www.yellowpagesnepal.com/57
эЩАыНдьВмьЭ┤эК╕,https://www.yellowpagesnepal.com/58
wewqe,https://www.yellowpagesnepal.com/wewqe
ыи╣эКАэП┤ыжмьКд,https://www.yellowpagesnepal.com/59
BALCONY BALUSTRADE,https://www.yellowpagesnepal.com/balcony-balustrade2
qwweqwe,https://www.yellowpagesnepal.com/qwweqwe
888ьг╝ьЖМ,https://www.yellowpagesnepal.com/888
ь║быПДыйФьЭ╕,https://www.yellowpagesnepal.com/60
shipping from china to usa,https://www.yellowpagesnepal.com/shipping-from-china-to-usa
ыйФьЭ┤ьаАьВмьЭ┤эК╕,https://www.yellowpagesnepal.com/61
kiwiseo,https://www.yellowpagesnepal.com/kiwiseo
мӣ№нҲ°мЈјмҶҢ,https://www.yellowpagesnepal.com/62
кё°к°ҖлҸ„л©”мқё,https://www.yellowpagesnepal.com/63
лЁ№нҠҖкІҖмҰқ,https://www.yellowpagesnepal.com/64
buy website traffic,https://www.yellowpagesnepal.com/buy-website-traffic1
лЎңмј“ нҶ нҶ мӮ¬мқҙнҠё,https://www.yellowpagesnepal.com/65
н”јлӮҳнҒҙмЈјмҶҢ,https://www.yellowpagesnepal.com/66
лӮҳлҘҙмғӨ нҶ нҶ мӮ¬мқҙнҠё,https://www.yellowpagesnepal.com/67
көҝлӘЁлӢқмЈјмҶҢ,https://www.yellowpagesnepal.com/68
мқёмІңлӢ¬лҰ¬кё°,https://www.yellowpagesnepal.com/69
classic furniture,https://www.yellowpagesnepal.com/classic-furniture
мқёмІңлӢ¬лҰ¬кё°,https://www.yellowpagesnepal.com/70
Courtier Immobilier aylmer,https://www.yellowpagesnepal.com/courtier-immobilier-aylmer
мЈјмҶҢлӘЁмқҢ,https://www.yellowpagesnepal.com/71
smock bib,https://www.yellowpagesnepal.com/smock-bib
Delhi Escort Service,https://www.yellowpagesnepal.com/delhi-escort-service
PLK Bio Chem Co. Ltd.,https://www.yellowpagesnepal.com/plk-bio-chem-co-ltd4
ole777,https://www.yellowpagesnepal.com/ole777
Lucknow girls,https://www.yellowpagesnepal.com/lucknow-girls1
moviemad,https://www.yellowpagesnepal.com/moviemad
cansoft,https://www.yellowpagesnepal.com/cansoft
"Laiyang Xinfenghe Printing Co., Ltd.",https://www.yellowpagesnepal.com/laiyang-xinfenghe-printing-co-ltd
John co.,https://www.yellowpagesnepal.com/john-co
Decking Cairns Pro,https://www.yellowpagesnepal.com/decking-cairns-pro
Decking Cairns Pro,https://www.yellowpagesnepal.com/decking-cairns-pro1
CBD,https://www.yellowpagesnepal.com/cbd
sapnap-merch,https://www.yellowpagesnepal.com/sapnap-merch
Patios Perth Elite,https://www.yellowpagesnepal.com/patios-perth-elite
polobearhoodie,https://www.yellowpagesnepal.com/polobearhoodie
this is a company,https://www.yellowpagesnepal.com/this-is-a-company
Buy Tadalista 60 Mg Tablets at [$25 OFF + Free Shipping] | Publicpills,https://www.yellowpagesnepal.com/buy-tadalista-60-mg-tablets-at-25-off--free-shipping-publicpills
Vidalista 80 Mg,https://www.yellowpagesnepal.com/vidalista-80-mg
Qatar airways pet policy,https://www.yellowpagesnepal.com/qatar-airways-pet-policy
medzpills,https://www.yellowpagesnepal.com/medzpills1
landon,https://www.yellowpagesnepal.com/landon
cenforce fm 100 MG Achieve a Strong Erection |,https://www.yellowpagesnepal.com/cenforce-fm-100-mg-achieve-a-strong-erection
webdesignvancouver,https://www.yellowpagesnepal.com/webdesignvancouver
Gurugram Escort,https://www.yellowpagesnepal.com/gurugram-escort1
Niks Packers,https://www.yellowpagesnepal.com/niks-packers
https://d-touch.com.my/,https://www.yellowpagesnepal.com/https-d-touch-com-my
Arora engineering,https://www.yellowpagesnepal.com/arora-engineering
Superior Seamless Gutter Solutions,https://www.yellowpagesnepal.com/superior-seamless-gutter-solutions
Superior Seamless Gutter Solutions,https://www.yellowpagesnepal.com/superior-seamless-gutter-solutions1
Casamia Balanca Hội An,https://www.yellowpagesnepal.com/casamia-balanca-hi-an
sargamstaan,https://www.yellowpagesnepal.com/sargamstaan
plastazaran,https://www.yellowpagesnepal.com/plastazaran
m3jayatogel,https://www.yellowpagesnepal.com/m3jayatogel
"Hebei fangtai plastic machinery manufacture co,.ltd",https://www.yellowpagesnepal.com/hebei-fangtai-plastic-machinery-manufacture-co-ltd
mlsbdnet,https://www.yellowpagesnepal.com/mlsbdnet
Cenforce 150 Mg : Know About Sildenafil Citrate Works To Treat Ed,https://www.yellowpagesnepal.com/cenforce-150-mg-know-about-sildenafil-citrate-works-to-treat-ed
Hasten chemical,https://www.yellowpagesnepal.com/hasten-chemical
icedteapitcherreviews,https://www.yellowpagesnepal.com/icedteapitcherreviews
Gateway public School & Academy,https://www.yellowpagesnepal.com/gateway-public-school-and-academy
Tadarise pro 40 mg A quick medicine for controlling ED in men,https://www.yellowpagesnepal.com/tadarise-pro-40-mg-a-quick-medicine-for-controlling-ed-in-men
AgreeWith Us,https://www.yellowpagesnepal.com/agreewith-us
Concrete Hobart Solutions,https://www.yellowpagesnepal.com/concrete-hobart-solutions
Mould Removal Newcastle Experts,https://www.yellowpagesnepal.com/mould-removal-newcastle-experts
": +27640409447 UNIVERSAL SSD SOLUTION FOR SALE IN BANGLADESH,DUBAI,JAPAN,AUSTRALIA SOUTH KOREA AND ACTIVATION POWDER/MACHINE",https://www.yellowpagesnepal.com/27640409447-universal-ssd-solution-for-sale-in-bangladesh-dubai-japan-australia-south-korea-and-activation-powder-machine
AgreeWith Us,https://www.yellowpagesnepal.com/agreewith-us2
mmsphyschem,https://www.yellowpagesnepal.com/mmsphyschem
mmsphyschem,https://www.yellowpagesnepal.com/mmsphyschem1
Concrete Mandurah Pro,https://www.yellowpagesnepal.com/concrete-mandurah-pro
Artificial Grass Newcastle Experts,https://www.yellowpagesnepal.com/artificial-grass-newcastle-experts
Landscaping Wollongong Pro,https://www.yellowpagesnepal.com/landscaping-wollongong-pro
Buy Facebook Ads Accounts,https://www.yellowpagesnepal.com/buy-facebook-ads-accounts1
USA REAL MARKET,https://www.yellowpagesnepal.com/usa-real-market
Free vashikaran specialist,https://www.yellowpagesnepal.com/free-vashikaran-specialist
https://revengeofficialclothing.com/hoodies/,https://www.yellowpagesnepal.com/https-revengeofficialclothing-com-hoodies
TINY ZONE,https://www.yellowpagesnepal.com/tiny-zone
JC Casting,https://www.yellowpagesnepal.com/jc-casting1
jiachuan casting,https://www.yellowpagesnepal.com/jiachuan-casting3
Dergh com,https://www.yellowpagesnepal.com/dergh-com
Buy5StarShop,https://www.yellowpagesnepal.com/buy5starshop1
modaresanepishtaz,https://www.yellowpagesnepal.com/modaresanepishtaz
Revie wear,https://www.yellowpagesnepal.com/revie-wear2
business,https://www.yellowpagesnepal.com/business1
"Business,",https://www.yellowpagesnepal.com/business2
Fliban 100 mg for the treatment of Erectile Dysfunction,https://www.yellowpagesnepal.com/fliban-100-mg-for-the-treatment-of-erectile-dysfunction
Avana 100 Mg – The Best Method of fighting Erectile Dysfunction,https://www.yellowpagesnepal.com/avana-100-mg--the-best-method-of-fighting-erectile-dysfunction
H.S. Group,https://www.yellowpagesnepal.com/h-s-group
BuyFacebook5StarReviews,https://www.yellowpagesnepal.com/buyfacebook5starreviews
Fildena 100 Mg,https://www.yellowpagesnepal.com/fildena-100-mg
+256704813095 Psychic REVENGE Spell Caster With Genuine revenge Spells That Work,https://www.yellowpagesnepal.com/256704813095-psychic-revenge-spell-caster-with-genuine-revenge-spells-that-work
"+256704813095   VOODOO DEATH SPELLS THAT REALLY WORK IN LONDON UK WELLINGTONWITC++256704813095 HCRAFT, PSYCHIC, MAGIC FORUM, BLACK MAGIC IN AMSTERDAM, GERMANY, SPAIN, NORWAY, GREECE, HUNGARY.",https://www.yellowpagesnepal.com/256704813095-voodoo-death-spells-that-really-work-in-london-uk-wellingtonwitc256704813095-hcraft-psychic-magic-forum-black-magic-in-amsterdam-germany-spain-norway-greece-hungary
+256704813095 ==I NEED INSTANT DEATH SPELL CASTER AND BLACK MAGIC REVENGE DEATH SPELL CASTER WITH GUAR,https://www.yellowpagesnepal.com/256704813095-i-need-instant-death-spell-caster-and-black-magic-revenge-death-spell-caster-with-guar
Duratia   get a lasting form of erection,https://www.yellowpagesnepal.com/duratia-get-a-lasting-form-of-erection
Cenforce 120 Mg,https://www.yellowpagesnepal.com/cenforce-120-mg2
ěą´ě§€ë…¸ě‚¬ěť´íŠ¸ - ACE21,https://www.yellowpagesnepal.com/ace21
seo,https://www.yellowpagesnepal.com/seo5
antscontrol.info,https://www.yellowpagesnepal.com/antscontrol-info
antscontrol.info,https://www.yellowpagesnepal.com/antscontrol-info1
antscontrol.info,https://www.yellowpagesnepal.com/antscontrol-info2
exterminationampm,https://www.yellowpagesnepal.com/exterminationampm
Seattle Pest Control,https://www.yellowpagesnepal.com/seattle-pest-control
ridofants,https://www.yellowpagesnepal.com/ridofants
ridofantts4,https://www.yellowpagesnepal.com/ridofantts4
mulakajs,https://www.yellowpagesnepal.com/mulakajs
ridofants2,https://www.yellowpagesnepal.com/ridofants2
JRS Farmparts,https://www.yellowpagesnepal.com/jrs-farmparts
RID OF ANTS,https://www.yellowpagesnepal.com/rid-of-ants
Attic Crawlspace Restoration,https://www.yellowpagesnepal.com/attic-crawlspace-restoration
Attic Crawlspace Restoration,https://www.yellowpagesnepal.com/attic-crawlspace-restoration1
ANTS KILLER,https://www.yellowpagesnepal.com/ants-killer
Remove bad Google reviews,https://www.yellowpagesnepal.com/remove-bad-google-reviews
mamun,https://www.yellowpagesnepal.com/mamun
Assignment Service Reviews,https://www.yellowpagesnepal.com/assignment-service-reviews
Tadalista 40 Mg,https://www.yellowpagesnepal.com/tadalista-40-mg
TATA Agrico - Quality Gardening & Hand Tools Online,https://www.yellowpagesnepal.com/tata-agrico-quality-gardening-and-hand-tools-online
Pathibhara Academy,https://www.yellowpagesnepal.com/pathibhara-academy
djksjzfry,https://www.yellowpagesnepal.com/djksjzfry
fsdf,https://www.yellowpagesnepal.com/fsdf
Amamr,https://www.yellowpagesnepal.com/amamr
fin,https://www.yellowpagesnepal.com/fin
Tadalista 60 Mg | Dosage | Free Shipping + 10% OFF|,https://www.yellowpagesnepal.com/tadalista-60-mg-dosage-free-shipping--10-off
Tadalista,https://www.yellowpagesnepal.com/tadalista1
https://www.bauc14.edu.iq/,https://www.yellowpagesnepal.com/https-www-bauc14-edu-iq
https://www.bauc14.edu.iq/,https://www.yellowpagesnepal.com/https-www-bauc14-edu-iq1
Expert Roofing Waterproofing,https://www.yellowpagesnepal.com/expert-roofing-waterproofing
pt.batubara,https://www.yellowpagesnepal.com/pt-batubara
Pakistan telecomunication,https://www.yellowpagesnepal.com/pakistan-telecomunication
Medzcure,https://www.yellowpagesnepal.com/medzcure
Call Girl In Aerocity,https://www.yellowpagesnepal.com/call-girl-in-aerocity
traditional healer,https://www.yellowpagesnepal.com/traditional-healer
traditional healer,https://www.yellowpagesnepal.com/traditional-healer1
traditional healer,https://www.yellowpagesnepal.com/traditional-healer2
traditional healer,https://www.yellowpagesnepal.com/traditional-healer3
Revitalifeclinic,https://www.yellowpagesnepal.com/revitalifeclinic
mumsbuzzar,https://www.yellowpagesnepal.com/mumsbuzzar
Cobra 120 Mg | Sildenafil Citrate | Cure For ED only Onmedz.com at,https://www.yellowpagesnepal.com/cobra-120-mg-sildenafil-citrate-cure-for-ed-only-onmedz-com-at
Door Step Car Wash Service,https://www.yellowpagesnepal.com/door-step-car-wash-service
Business News Posrt,https://www.yellowpagesnepal.com/business-news-posrt
traditional healer,https://www.yellowpagesnepal.com/traditional-healer4
traditional healer,https://www.yellowpagesnepal.com/traditional-healer5
traditional healer,https://www.yellowpagesnepal.com/traditional-healer6
traditional healer,https://www.yellowpagesnepal.com/traditional-healer7
"+256752079972 ,Death spell caster and revenge death spells in USA UK Kuwait, Canada, New York,Boston",https://www.yellowpagesnepal.com/256752079972-death-spell-caster-and-revenge-death-spells-in-usa-uk-kuwait-canada-new-york-boston
totaloutlet,https://www.yellowpagesnepal.com/totaloutlet1
Super Tadapox,https://www.yellowpagesnepal.com/super-tadapox
"((: +256752079972)) ..URGENT DEATH/REVENGE SPELLS CASTER IN AUSTRALIA, BEST DEATH SPELL CASTER / REVENGE SPELLS IN CANADA, USA, UK",https://www.yellowpagesnepal.com/256752079972--urgent-death-revenge-spells-caster-in-australia-best-death-spell-caster-revenge-spells-in-canada-usa-uk
Best Way Auto Transport LLC,https://www.yellowpagesnepal.com/best-way-auto-transport-llc
"Revenge Death Spell Caster ##+256704300651@@@ , Black Magic, Voodoo Spells Netherlands, USA, UK, CANADA,",https://www.yellowpagesnepal.com/revenge-death-spell-caster-256704300651-black-magic-voodoo-spells-netherlands-usa-uk-canada
top10history.com,https://www.yellowpagesnepal.com/top10history-com
pet,https://www.yellowpagesnepal.com/pet
Sildigra 250 Mg,https://www.yellowpagesnepal.com/sildigra-250-mg
Mark Halland,https://www.yellowpagesnepal.com/mark-halland
ANDYS TREE SERVICE,https://www.yellowpagesnepal.com/andys-tree-service
"DEATH SPELL CASTER [+256704300651%%% ] IN CANADA TORONTO, Europe Arizona,USA, AUSTRALIA,UK,NORTH CAROLINA BLACK MAGIC INSTANT DEATH SPELL CAST",https://www.yellowpagesnepal.com/death-spell-caster-256704300651-in-canada-toronto-europe-arizona-usa-australia-uk-north-carolina-black-magic-instant-death-spell-cast
"INSTANT DEATH SPELL CASTER +256704300651%%% / REVENGE SPELL VOODOO SPELLS IN USA TRUSTED WITCHCRAFT AND BLACK MAGIC SPELLS CASTERS ,CANADA, USA",https://www.yellowpagesnepal.com/instant-death-spell-caster-256704300651-revenge-spell-voodoo-spells-in-usa-trusted-witchcraft-and-black-magic-spells-casters-canada-usa
Super Tadapox,https://www.yellowpagesnepal.com/super-tadapox1
Capital One login,https://www.yellowpagesnepal.com/capital-one-login
aisumc,https://www.yellowpagesnepal.com/aisumc
"ã€Š+256704300651""""''ã€‹ Death Spells caster in UK USA, ENGLAND, WALES.DUBAI,CANADA,PHOENIX,SOUTH AFRICA, NORWAY AUSTRALIA BELGIUM,POLAND,IRELAND,FIN",https://www.yellowpagesnepal.com/256704300651--death-spells-caster-in-uk-usa-england-wales-dubai-canada-phoenix-south-africa-norway-australia-belgium-poland-ireland-fin
"""""""+256704300651@@ Puissant Death  Spell Caster in Ireland Singapore Canada Australia Singapore Oman Kuwait Norway Belgium",https://www.yellowpagesnepal.com/256704300651-puissant-death-spell-caster-in-ireland-singapore-canada-australia-singapore-oman-kuwait-norway-belgium
tgn,https://www.yellowpagesnepal.com/tgn
Electric cigrate,https://www.yellowpagesnepal.com/electric-cigrate
untungnine,https://www.yellowpagesnepal.com/untungnine
astrologyinlife,https://www.yellowpagesnepal.com/astrologyinlife
"[[+256704300651]] Active Death Revenge Spells Caster In Canada, New Hampshire, Toronto, Ontario, Texas, Georgia, Colorado,",https://www.yellowpagesnepal.com/256704300651-active-death-revenge-spells-caster-in-canada-new-hampshire-toronto-ontario-texas-georgia-colorado
barbyoli,https://www.yellowpagesnepal.com/barbyoli
Poin123,https://www.yellowpagesnepal.com/poin123
Buy Fildena 100 Mg | Sildenafil Citrate |  Best Popular Cure for ED,https://www.yellowpagesnepal.com/buy-fildena-100-mg-sildenafil-citrate-best-popular-cure-for-ed
"{{{ +256704300651?+?,Death spell caster and revenge death spells in USA UK Kuwait, Canada, New York,Boston",https://www.yellowpagesnepal.com/256704300651--death-spell-caster-and-revenge-death-spells-in-usa-uk-kuwait-canada-new-york-boston
AL Qasim Agro Engineering,https://www.yellowpagesnepal.com/al-qasim-agro-engineering
Sildamax 100 Mg: The best end pill | buy now at onemedz.com,https://www.yellowpagesnepal.com/sildamax-100-mg-the-best-end-pill-buy-now-at-onemedz-com
jadwaleuro,https://www.yellowpagesnepal.com/jadwaleuro
best college for girls in haryana,https://www.yellowpagesnepal.com/best-college-for-girls-in-haryana
Saral Credit,https://www.yellowpagesnepal.com/saral-credit
"?+?+256704300651%%%Death spell caster instant death spells in ,USA UK PORTGUAL NORWAY POLAND SLOVAKIA NEWZAELAND GERMANY ITALY MALDIVES SINGPORE",https://www.yellowpagesnepal.com/256704300651-death-spell-caster-instant-death-spells-in-usa-uk-portgual-norway-poland-slovakia-newzaeland-germany-italy-maldives-singpore
"Weifang Huawei New Materials Technology Co., Ltd.",https://www.yellowpagesnepal.com/weifang-huawei-new-materials-technology-co-ltd
Buy Kamagra 100 Mg (Sildenafil Citrate) | 5% OFF | Free Shipping,https://www.yellowpagesnepal.com/buy-kamagra-100-mg-sildenafil-citrate-5-off-free-shipping
Poxet 30 Mg Tablet Review | Cheap price | onemedz,https://www.yellowpagesnepal.com/poxet-30-mg-tablet-review-cheap-price-onemedz
pars bpms,https://www.yellowpagesnepal.com/pars-bpms
?+?+256704300651***Voodoo Death Spells Black Magic Revenge Spells Death sleep spells to revenge wicked enemies In New York Finland Brooklyn,https://www.yellowpagesnepal.com/256704300651-voodoo-death-spells-black-magic-revenge-spells-death-sleep-spells-to-revenge-wicked-enemies-in-new-york-finland-brooklyn
aisuroya,https://www.yellowpagesnepal.com/aisuroya
Poxet 60 Mg  (Dapoxetine) | Up to 5% OFF | Price | Dosage,https://www.yellowpagesnepal.com/poxet-60-mg-dapoxetine-up-to-5-off-price-dosage
Citra tramadol Pink Pill,https://www.yellowpagesnepal.com/citra-tramadol-pink-pill
Buy klonopin 1mg online,https://www.yellowpagesnepal.com/buy-klonopin-1mg-online
!!!+256704300651%%%I NEED INSTANT DEATH SPELL CASTER AND REVENGE SPELL CASTER,https://www.yellowpagesnepal.com/256704300651-i-need-instant-death-spell-caster-and-revenge-spell-caster
"$$$+256704813095%%%,WALES BEST BLACK MAGIC SPELLS CASTER IN AUSTRALIA USA,",https://www.yellowpagesnepal.com/256704813095-wales-best-black-magic-spells-caster-in-australia-usa
methocarbamol vs soma,https://www.yellowpagesnepal.com/methocarbamol-vs-soma
Neue Technologien f├╝r Hacker,https://www.yellowpagesnepal.com/neue-technologien-fr-hacker
GILASLOT88,https://www.yellowpagesnepal.com/gilaslot88
Call girls in Rawalpindi,https://www.yellowpagesnepal.com/call-girls-in-rawalpindi
"(( +256704300651~~))) = SPIRITUAL QUICKEST DEATH SPELL / REVENGE SPELL CASTER IN SWEDEN, NORWAY, BOTSWANA, LEBANON, SWAZILAND, ITALY, ZAMBIA, TANZANIA, KENYA, QATAR, OMAN, BAHRAIN, BRUNEI, SPAIN, UNITED ARAB EMIRATES, TURKEY, JORDAN, EGYPT.",https://www.yellowpagesnepal.com/256704300651--spiritual-quickest-death-spell-revenge-spell-caster-in-sweden-norway-botswana-lebanon-swaziland-italy-zambia-tanzania-kenya-qatar-oman-bahrain-brunei-spain-united-arab-emirates-turkey-jordan-egypt
"Sildamax 100 Mg| Buy Online Tablets | Side Effects, Reviews, Doses ……",https://www.yellowpagesnepal.com/sildamax-100-mg-buy-online-tablets-side-effects-reviews-doses
Benten autoexperts,https://www.yellowpagesnepal.com/benten-autoexperts1
colorwheels,https://www.yellowpagesnepal.com/colorwheels
Interior Designers,https://www.yellowpagesnepal.com/interior-designers
Melbourne,https://www.yellowpagesnepal.com/melbourne
Escort Lahore,https://www.yellowpagesnepal.com/escort-lahore
Buy Old Gmail Accounts,https://www.yellowpagesnepal.com/buy-old-gmail-accounts1
Benten autoexperts,https://www.yellowpagesnepal.com/benten-autoexperts
lamby tyres,https://www.yellowpagesnepal.com/lamby-tyres
lamby tyres,https://www.yellowpagesnepal.com/lamby-tyres1
iblmarketpro,https://www.yellowpagesnepal.com/iblmarketpro4
iblmarketpro,https://www.yellowpagesnepal.com/iblmarketpro3
smmmshopus,https://www.yellowpagesnepal.com/smmmshopus
https://smmshopus.com/product/buy-verified-linkedin-accounts/,https://www.yellowpagesnepal.com/https-smmshopus-com-product-buy-verified-linkedin-accounts
mangocity,https://www.yellowpagesnepal.com/mangocity
Air Ambulance Services In Ahmedabad – Air Rescuers,https://www.yellowpagesnepal.com/air-ambulance-services-in-ahmedabad--air-rescuers
LocoLDeal,https://www.yellowpagesnepal.com/locoldeal
Karachi Escorts,https://www.yellowpagesnepal.com/karachi-escorts
MerryMantra Turmeric,https://www.yellowpagesnepal.com/merrymantra-turmeric
Air Ambulance Services In Chennai ŌĆō Air Rescuers,https://www.yellowpagesnepal.com/air-ambulance-services-in-chennai--air-rescuers
Air Ambulance Services In Allahabad ŌĆō Air Rescuers,https://www.yellowpagesnepal.com/air-ambulance-services-in-allahabad--air-rescuers
Air Ambulance Services In Delhi ŌĆō Air Rescuers,https://www.yellowpagesnepal.com/air-ambulance-services-in-delhi--air-rescuers
Air Ambulance Services in Bagdogra ŌĆō Air Rescuers,https://www.yellowpagesnepal.com/air-ambulance-services-in-bagdogra--air-rescuers
royal cosmetices,https://www.yellowpagesnepal.com/royal-cosmetices
24 Rox - Digital Marketing In Lucknow,https://www.yellowpagesnepal.com/24-rox-digital-marketing-in-lucknow
0[9p,https://www.yellowpagesnepal.com/0-9p
CheckVAR Live,https://www.yellowpagesnepal.com/checkvar-live
Royal Techno India,https://www.yellowpagesnepal.com/royal-techno-india
Air Ambulance Services In Imphal ŌĆō Air Rescuers,https://www.yellowpagesnepal.com/air-ambulance-services-in-imphal--air-rescuers
Pain O Soma 500 Mg (Carisoprodol),https://www.yellowpagesnepal.com/pain-o-soma-500-mg-carisoprodol
trustsmmcenter.com,https://www.yellowpagesnepal.com/trustsmmcenter-com
+27640409447 +27813334083 High quality counterfeit money   for sale in South Africa Zambia Zimbabwe Botswana Lesotho Namibia Qatar Egypt UAE USA,https://www.yellowpagesnepal.com/27640409447-27813334083-high-quality-counterfeit-money-for-sale-in-south-africa-zambia-zimbabwe-botswana-lesotho-namibia-qatar-egypt-uae-usa
enfejar.live,https://www.yellowpagesnepal.com/enfejar-live
koplo77,https://www.yellowpagesnepal.com/koplo77
"HeBei HuanJi Metal Wire Mesh Co.,Ltd",https://www.yellowpagesnepal.com/hebei-huanji-metal-wire-mesh-co-ltd
customluxuryboxes,https://www.yellowpagesnepal.com/customluxuryboxes
MC88POKER,https://www.yellowpagesnepal.com/mc88poker
Sildigra 225 Mg Tablet Online Free Shipping in onemedz.com,https://www.yellowpagesnepal.com/sildigra-225-mg-tablet-online-free-shipping-in-onemedz-com
Buy TrustPilot Reviews,https://www.yellowpagesnepal.com/buy-trustpilot-reviews
mangocity,https://www.yellowpagesnepal.com/mangocity1
mangocity,https://www.yellowpagesnepal.com/mangocity2
PikaShow,https://www.yellowpagesnepal.com/pikashow
mangocityit,https://www.yellowpagesnepal.com/mangocityit
mangocity,https://www.yellowpagesnepal.com/mangocity3
Cash App Account,https://www.yellowpagesnepal.com/cash-app-account
Enhance Your Sensual Drive With Filitra,https://www.yellowpagesnepal.com/enhance-your-sensual-drive-with-filitra
SEO,https://www.yellowpagesnepal.com/seo6
Color Ptd LTD,https://www.yellowpagesnepal.com/color-ptd-ltd
national britesh,https://www.yellowpagesnepal.com/national-britesh2
Filagra Oral Jelly,https://www.yellowpagesnepal.com/filagra-oral-jelly
SSD CURRENCY CLEANING LIQUID CHEMICAL,https://www.yellowpagesnepal.com/ssd-currency-cleaning-liquid-chemical
Swaraj Tractors,https://www.yellowpagesnepal.com/swaraj-tractors
"&&&((+256704300651)) ^SPELL CASTER, DEATH SPELL, SPELL CASTER REVIEW, WITCHCRAFT, PSYCHIC, MAGIC FORUM, BLACK MAGIC IN UGANDA",https://www.yellowpagesnepal.com/andandand-256704300651-spell-caster-death-spell-spell-caster-review-witchcraft-psychic-magic-forum-black-magic-in-uganda
PikaShow APK,https://www.yellowpagesnepal.com/pikashow-apk
The Turfgrass Group,https://www.yellowpagesnepal.com/the-turfgrass-group1
The Turfgrass Group,https://www.yellowpagesnepal.com/the-turfgrass-group2
Seeding Square,https://www.yellowpagesnepal.com/seeding-square
"##_+256704300651*REVENGE-DEATH SPELLS CASTER // BRING BACK LOST LOVE SPELLS CASTER IN DENMARK,GERMANY,ITALY,AMERICA",https://www.yellowpagesnepal.com/256704300651-revenge-death-spells-caster-bring-back-lost-love-spells-caster-in-denmark-germany-italy-america
colin445.blogspot.,https://www.yellowpagesnepal.com/colin445-blogspot
Ganpati Metal Products,https://www.yellowpagesnepal.com/ganpati-metal-products
Minecrafts APK,https://www.yellowpagesnepal.com/minecrafts-apk
Kamagra Chewable | Sildenafil Citrate | It's Side Effects | Dosage,https://www.yellowpagesnepal.com/kamagra-chewable-sildenafil-citrate-its-side-effects-dosage
SB Group,https://www.yellowpagesnepal.com/sb-group1
InstaPro,https://www.yellowpagesnepal.com/instapro1
Gacha Nox,https://www.yellowpagesnepal.com/gacha-nox
Cenforce Professional Brings Happiness in Sex Life,https://www.yellowpagesnepal.com/cenforce-professional-brings-happiness-in-sex-life
Cenforce 120 Mg | Sildenafil Citrate | It's Side Effects | Dosage,https://www.yellowpagesnepal.com/cenforce-120-mg-sildenafil-citrate-its-side-effects-dosage
Buy Verified Binance Accounts,https://www.yellowpagesnepal.com/buy-verified-binance-accounts
Buy Verified Binance Accounts,https://www.yellowpagesnepal.com/buy-verified-binance-accounts1
"+27640409447., Buy pure red liquid mercury online. We do sell to wholesalers",https://www.yellowpagesnepal.com/27640409447-buy-pure-red-liquid-mercury-online-we-do-sell-to-wholesalers
Super P Force Tablets (Sildenafil + Dapoxetine)– Uses | Side effect | Doses - onemedz,https://www.yellowpagesnepal.com/super-p-force-tablets-sildenafil--dapoxetine--uses-side-effect-doses-onemedz
Allmovieland V2,https://www.yellowpagesnepal.com/allmovieland-v2
snaptubeapk,https://www.yellowpagesnepal.com/snaptubeapk
InstaPro,https://www.yellowpagesnepal.com/instapro2
Tadaflo 10 Mg Tablet | View | Uses | Side Effects | Price,https://www.yellowpagesnepal.com/tadaflo-10-mg-tablet-view-uses-side-effects-price
PikaShow APK,https://www.yellowpagesnepal.com/pikashow-apk1
kamagra 100 Powerful drug,https://www.yellowpagesnepal.com/kamagra-100-powerful-drug
Buy Yahoo Accounts,https://www.yellowpagesnepal.com/buy-yahoo-accounts
Buy Facebook Accounts,https://www.yellowpagesnepal.com/buy-facebook-accounts1
Best Site To Buy Yahoo Accounts & Cheap Price,https://www.yellowpagesnepal.com/best-site-to-buy-yahoo-accounts-and-cheap-price
Vidalista 10 Tadalafil | Low Price,https://www.yellowpagesnepal.com/vidalista-10-tadalafil-low-price
Malegra 200 Best Option | For ED,https://www.yellowpagesnepal.com/malegra-200-best-option-for-ed
Guru MOD APK,https://www.yellowpagesnepal.com/guru-mod-apk
Snaptube,https://www.yellowpagesnepal.com/snaptube
PikaShow APK,https://www.yellowpagesnepal.com/pikashow-apk2
kamagra 100 : An Oral Medication,https://www.yellowpagesnepal.com/kamagra-100-an-oral-medication
Simontok Apk,https://www.yellowpagesnepal.com/simontok-apk
spinandspark,https://www.yellowpagesnepal.com/spinandspark
AMRITSAR ESCORT,https://www.yellowpagesnepal.com/amritsar-escort
Best Online Tarpaulins Sheets UKc,https://www.yellowpagesnepal.com/best-online-tarpaulins-sheets-ukc
"Cenforce Professional Tablet: View Uses, Side Effects, Price and ...",https://www.yellowpagesnepal.com/cenforce-professional-tablet-view-uses-side-effects-price-and
Cenforce 50 Let Go ED at Cheap Price,https://www.yellowpagesnepal.com/cenforce-50-let-go-ed-at-cheap-price
Spotify Premium APK,https://www.yellowpagesnepal.com/spotify-premium-apk
spinandspark,https://www.yellowpagesnepal.com/spinandspark1
Spartan Tree Service,https://www.yellowpagesnepal.com/spartan-tree-service
Super Vidalista for sale,https://www.yellowpagesnepal.com/super-vidalista-for-sale
Gems,https://www.yellowpagesnepal.com/gems
smmshopus,https://www.yellowpagesnepal.com/smmshopus4
Ayush,https://www.yellowpagesnepal.com/ayush
AGA Parts,https://www.yellowpagesnepal.com/aga-parts
Tadalista 60 effective ED pills,https://www.yellowpagesnepal.com/tadalista-60-effective-ed-pills
Toronto Essay ghostwriting,https://www.yellowpagesnepal.com/toronto-essay-ghostwriting
Toronto Essay ghostwriting,https://www.yellowpagesnepal.com/toronto-essay-ghostwriting1
Toronto Essay ghostwriting,https://www.yellowpagesnepal.com/toronto-essay-ghostwriting2
õĮ£õĖÜõ╗ŻÕåÖ,https://www.yellowpagesnepal.com/117
Tractor Junction,https://www.yellowpagesnepal.com/tractor-junction
PikaShow APK,https://www.yellowpagesnepal.com/pikashow-apk4
Fildena 25 | Uses,https://www.yellowpagesnepal.com/fildena-25-uses
filecrus,https://www.yellowpagesnepal.com/filecrus1
Vidalista 40 For Males Erectile Failure,https://www.yellowpagesnepal.com/vidalista-40-for-males-erectile-failure
Buy Fildena 100 Mg | Best ED Cure Pill | Excellent Quality only at Flatmeds.com,https://www.yellowpagesnepal.com/buy-fildena-100-mg-best-ed-cure-pill-excellent-quality-only-at-flatmeds-com
Buy Tadacip 20 Mg Online at lowest price in Flatmeds.com,https://www.yellowpagesnepal.com/buy-tadacip-20-mg-online-at-lowest-price-in-flatmeds-com
Buy Fildena 100 Mg Online View Uses | Review | Price,https://www.yellowpagesnepal.com/buy-fildena-100-mg-online-view-uses-review-price
metal fabrication in saudi arabia,https://www.yellowpagesnepal.com/metal-fabrication-in-saudi-arabia
Extra Super Vidalista Online | Side Effects | Uses | Reviews | Prices,https://www.yellowpagesnepal.com/extra-super-vidalista-online-side-effects-uses-reviews-prices
Buy Cenforce 200 Mg Online On Sale [15% Off] Flatmeds.com,https://www.yellowpagesnepal.com/buy-cenforce-200-mg-online-on-sale-15-off-flatmeds-com
Vidmate APP,https://www.yellowpagesnepal.com/vidmate-app
Arthi Enterprises,https://www.yellowpagesnepal.com/arthi-enterprises2
Arthi Enterprises,https://www.yellowpagesnepal.com/arthi-enterprises
"A Collection of Axes, Knives, Swords, and Unique Gift Items.",https://www.yellowpagesnepal.com/a-collection-of-axes-knives-swords-and-unique-gift-items
Ø³Ø§Ù…Ø§Ù†Ù‡ Ù¾ÛŒØ§Ù…Ú©ÛŒ Ù„ÛŒÙ…Ùˆ Ø§Ø³ Ø§Ù… Ø§Ø³,https://www.yellowpagesnepal.com/126
Vilitra 20 Mg | Vardenafil | Cure For ED | flatmeds,https://www.yellowpagesnepal.com/vilitra-20-mg-vardenafil-cure-for-ed-flatmeds
TABLE Jen Royle,https://www.yellowpagesnepal.com/table-jen-royle
Snaptube APP,https://www.yellowpagesnepal.com/snaptube-app
Vidmate APP,https://www.yellowpagesnepal.com/vidmate-app1
Sildisoft Tablets | best pill for erectile dysfunction |Price|,https://www.yellowpagesnepal.com/sildisoft-tablets-best-pill-for-erectile-dysfunction-price
Hospitalstore,https://www.yellowpagesnepal.com/hospitalstore
AndrewTateCourses,https://www.yellowpagesnepal.com/andrewtatecourses
Super kamagra Tablet â€“ Eliminate your impotence,https://www.yellowpagesnepal.com/super-kamagra-tablet--eliminate-your-impotence
pukekohegas,https://www.yellowpagesnepal.com/pukekohegas
Vidalista How to take | Reviews | Side effects | Dosage | Cheap price |,https://www.yellowpagesnepal.com/vidalista-how-to-take-reviews-side-effects-dosage-cheap-price
Buy Tadalista 20 Mg tablets with Tadalafil at 15% discount!,https://www.yellowpagesnepal.com/buy-tadalista-20-mg-tablets-with-tadalafil-at-15-discount
Minecraft APK,https://www.yellowpagesnepal.com/minecraft-apk1
Hindi Letters,https://www.yellowpagesnepal.com/hindi-letters
Iverheal 6 Mg Tablets improveÂ yourÂ physicalÂ health by curing ED,https://www.yellowpagesnepal.com/iverheal-6-mg-tablets-improveyourphysicalhealth-by-curing-ed
Vidmate APP,https://www.yellowpagesnepal.com/vidmate-app2
Filagra as a treatment for erectile dysfunction,https://www.yellowpagesnepal.com/filagra-as-a-treatment-for-erectile-dysfunction
Omegle,https://www.yellowpagesnepal.com/omegle
justinwilliams,https://www.yellowpagesnepal.com/justinwilliams3
Spotify MOD APK,https://www.yellowpagesnepal.com/spotify-mod-apk
https://saukrit.com/profile-creation-site-list/,https://www.yellowpagesnepal.com/https-saukrit-com-profile-creation-site-list
Vidmate APK,https://www.yellowpagesnepal.com/vidmate-apk
Silditop 100 Mg : How to take | Reviews | Side effects | Dosage,https://www.yellowpagesnepal.com/silditop-100-mg-how-to-take-reviews-side-effects-dosage
Snap Tube,https://www.yellowpagesnepal.com/snap-tube
Youcine APP,https://www.yellowpagesnepal.com/youcine-app
Remini MOD APK,https://www.yellowpagesnepal.com/remini-mod-apk
StrainX-Houston,https://www.yellowpagesnepal.com/strainx-houston
socialpro,https://www.yellowpagesnepal.com/socialpro1
socialpro,https://www.yellowpagesnepal.com/socialpro
Avana Best Offers At Flatmeds | Fast Shopping in Usa,https://www.yellowpagesnepal.com/avana-best-offers-at-flatmeds-fast-shopping-in-usa
Snaptube APP,https://www.yellowpagesnepal.com/snaptube-app1
Dynamic Tree Solutions,https://www.yellowpagesnepal.com/dynamic-tree-solutions
Resso MOD APK,https://www.yellowpagesnepal.com/resso-mod-apk
tadarise 40mg online at low price,https://www.yellowpagesnepal.com/tadarise-40mg-online-at-low-price
SnapTubes Apk,https://www.yellowpagesnepal.com/snaptubes-apk
Mathew B. Tully,https://www.yellowpagesnepal.com/mathew-b-tully
Paperõ╗ŻÕåÖ,https://www.yellowpagesnepal.com/paper
ÕŖĀµŗ┐Õż¦Ķ«║µ¢ćõ╗ŻÕåÖ,https://www.yellowpagesnepal.com/135
Picasso App,https://www.yellowpagesnepal.com/picasso-app
HD Streamz,https://www.yellowpagesnepal.com/hd-streamz
Essentials Clothing Hoodie,https://www.yellowpagesnepal.com/essentials-clothing-hoodie
victoriancarbuyers,https://www.yellowpagesnepal.com/victoriancarbuyers
PikaShow APK Download,https://www.yellowpagesnepal.com/pikashow-apk-download
seo,https://www.yellowpagesnepal.com/seo7
HDO Box,https://www.yellowpagesnepal.com/hdo-box
Pikashow APK,https://www.yellowpagesnepal.com/pikashow-apk6
Vienna chauffeur service,https://www.yellowpagesnepal.com/vienna-chauffeur-service
Vidalista 5 Mg | Treatment for ED | 10% Off | Best Offer!!!,https://www.yellowpagesnepal.com/vidalista-5-mg-treatment-for-ed-10-off-best-offer1
travel nepal,https://www.yellowpagesnepal.com/travel-nepal
diazroofing1995,https://www.yellowpagesnepal.com/diazroofing1995
SnapTik,https://www.yellowpagesnepal.com/snaptik
corteiz tracksuit,https://www.yellowpagesnepal.com/corteiz-tracksuit
corteiz tracksuit,https://www.yellowpagesnepal.com/corteiz-tracksuit1
SnapTik APK,https://www.yellowpagesnepal.com/snaptik-apk
instagrampro,https://www.yellowpagesnepal.com/instagrampro
IGPlace,https://www.yellowpagesnepal.com/igplace
Vidalista How to take | Reviews | Side effects | Dosage | Cheap price | Reviews,https://www.yellowpagesnepal.com/vidalista-how-to-take-reviews-side-effects-dosage-cheap-price-reviews
"Buy Zhewitra 40 [Vardenafil]: View Uses, Side Effects and Medicines",https://www.yellowpagesnepal.com/buy-zhewitra-40-vardenafil-view-uses-side-effects-and-medicines
taxlegit,https://www.yellowpagesnepal.com/taxlegit3
Cenforce 25 Mg Online Sildenafil| 100% Satisfaction Guaranteed At genericday.com,https://www.yellowpagesnepal.com/cenforce-25-mg-online-sildenafil-100-satisfaction-guaranteed-at-genericday-com
Buy Tadalista 40 Mg Tablets Online With Extra 10% Off Price - Flatmeds,https://www.yellowpagesnepal.com/buy-tadalista-40-mg-tablets-online-with-extra-10-off-price-flatmeds
Vigora 50 Mg: Unleash the Passion Within,https://www.yellowpagesnepal.com/vigora-50-mg-unleash-the-passion-within
Tree Crew Tree Experts,https://www.yellowpagesnepal.com/tree-crew-tree-experts
vinglob green technology,https://www.yellowpagesnepal.com/vinglob-green-technology
KineMaster Apk,https://www.yellowpagesnepal.com/kinemaster-apk
Fildena Double 200 Improve A Man's Erection And Sex Drive,https://www.yellowpagesnepal.com/fildena-double-200-improve-a-mans-erection-and-sex-drive
Thca flower,https://www.yellowpagesnepal.com/thca-flower
+27640409447/+27813334083 SSD CHEMICAL SOLUTION SALE IN NORT Buyer and Importer from South Africa -,https://www.yellowpagesnepal.com/27640409447-27813334083-ssd-chemical-solution-sale-in-nort-buyer-and-importer-from-south-africa
reportajme,https://www.yellowpagesnepal.com/reportajme
SnapTube Apk,https://www.yellowpagesnepal.com/snaptube-apk1
Ray of Hope Properties LLC,https://www.yellowpagesnepal.com/ray-of-hope-properties-llc
TXFulfillment,https://www.yellowpagesnepal.com/txfulfillment
TopFollow Apk,https://www.yellowpagesnepal.com/topfollow-apk1
SssTik,https://www.yellowpagesnepal.com/ssstik1
Barney Farm graines,https://www.yellowpagesnepal.com/barney-farm-graines
"+27640409447,/., PURITY 99% SSD CHEMICALS SOLUTION FOR CLEANING DEFACED CURRENCY+​27813334083 Activation Powder",https://www.yellowpagesnepal.com/27640409447--purity-99-ssd-chemicals-solution-for-cleaning-defaced-currency27813334083-activation-powder
The Benefits Of Using Tadacip 20 For Erectile Dysfunction,https://www.yellowpagesnepal.com/the-benefits-of-using-tadacip-20-for-erectile-dysfunction
CHAUMAUTHINGS,https://www.yellowpagesnepal.com/chaumauthings
xacatech,https://www.yellowpagesnepal.com/xacatech1
SnapTik,https://www.yellowpagesnepal.com/snaptik1
Construction site security,https://www.yellowpagesnepal.com/construction-site-security
Kamagra Gold 100 Mg Keep Good Moments,https://www.yellowpagesnepal.com/kamagra-gold-100-mg-keep-good-moments
Sportzfy TV,https://www.yellowpagesnepal.com/sportzfy-tv
"+27640409447.,';'; Afrochemical Suppliers Of All Types Ssd Chemical Solution",https://www.yellowpagesnepal.com/27640409447--afrochemical-suppliers-of-all-types-ssd-chemical-solution
Southwest Airlines PDX Terminal,https://www.yellowpagesnepal.com/southwest-airlines-pdx-terminal
OnStream,https://www.yellowpagesnepal.com/onstream
saver junction,https://www.yellowpagesnepal.com/saver-junction
Super Tadarise Everything You Need To Know About Your Spouse,https://www.yellowpagesnepal.com/super-tadarise-everything-you-need-to-know-about-your-spouse
ńĢÖÕŁ”ńö¤Ķ«║µ¢ćõ╗ŻÕåÖ,https://www.yellowpagesnepal.com/154
"ILLUMINATI Secret Code for LIFE to Become a Member of the Organization +27787917167 in South Africa, Benoni, Boksburg, Brakpan, Carletonville, Germiston, Johannesburg, Krugersdorp, Mafikeng, Pretoria",https://www.yellowpagesnepal.com/illuminati-secret-code-for-life-to-become-a-member-of-the-organization-27787917167-in-south-africa-benoni-boksburg-brakpan-carletonville-germiston-johannesburg-krugersdorp-mafikeng-pretoria
ÕīŚńŠÄĶ«║µ¢ćõ╗ŻÕåÖ,https://www.yellowpagesnepal.com/155
õ╗ŻÕåÖńĢÖÕŁ”ńö¤õĮ£õĖÜ,https://www.yellowpagesnepal.com/158
simon,https://www.yellowpagesnepal.com/simon
Revitalize Intimacy with Fildena 200,https://www.yellowpagesnepal.com/revitalize-intimacy-with-fildena-200
"[+2776ŌĆÖ4410ŌĆÖ726]SANGOMA in Modimolle, Zebediela, Senwabarwana, Dendron, Naboom , Botokwa, bronkhorstpruit, soshanguve, mamelodi, mabopane, vosloorus, Mafikeng, westenburg, nirvana, bendor, bugersfort, South africa",https://www.yellowpagesnepal.com/27764410726-sangoma-in-modimolle-zebediela-senwabarwana-dendron-naboom-botokwa-bronkhorstpruit-soshanguve-mamelodi-mabopane-vosloorus-mafikeng-westenburg-nirvana-bendor-bugersfort-south-africa
õ╗ŻÕåÖńĢÖÕŁ”ńö¤Ķ«║µ¢ćõĮ£õĖÜ,https://www.yellowpagesnepal.com/160
ńĮæĶ»Šõ╗ŻõĖŖ,https://www.yellowpagesnepal.com/161
Bioglandin Injection  Most Powerful Injection  That Treats ED┬Ā,https://www.yellowpagesnepal.com/bioglandin-injection-most-powerful-injection-that-treats-ed
Vilitra 20 Mg | Vardenafil | Cure For ED | flatmeds,https://www.yellowpagesnepal.com/vilitra-20-mg-vardenafil-cure-for-ed-flatmeds1
ńĮæĶ»Šõ╗Żõ┐«,https://www.yellowpagesnepal.com/159
ńĢÖÕŁ”ńö¤Essayõ╗ŻÕåÖ,https://www.yellowpagesnepal.com/essay4
Qatar Airways Athens Office,https://www.yellowpagesnepal.com/qatar-airways-athens-office
SarkariUjala,https://www.yellowpagesnepal.com/sarkariujala
house fence,https://www.yellowpagesnepal.com/house-fence
Synchrotechdxb,https://www.yellowpagesnepal.com/synchrotechdxb
usapvaservice,https://www.yellowpagesnepal.com/usapvaservice
Yacine TV,https://www.yellowpagesnepal.com/yacine-tv
QR Code Scanner,https://www.yellowpagesnepal.com/qr-code-scanner
#+2349034922291 Where can I join occult for money ritual,https://www.yellowpagesnepal.com/2349034922291-where-can-i-join-occult-for-money-ritual
pushpullcable,https://www.yellowpagesnepal.com/pushpullcable
#+2349034922291 Where can I join occult for money ritual,https://www.yellowpagesnepal.com/2349034922291-where-can-i-join-occult-for-money-ritual1
"Cenforce: Uses, Side effects, Reviews, Composition ...",https://www.yellowpagesnepal.com/cenforce-uses-side-effects-reviews-composition
usa,https://www.yellowpagesnepal.com/usa2
GOGOVICTORIA,https://www.yellowpagesnepal.com/gogovictoria
GOGOVICTORIA,https://www.yellowpagesnepal.com/gogovictoria1
#+2349034922291 JOIN ILLUMINATI FOR MONEY RITUAL AND TO BE RICH AND FAMOUS,https://www.yellowpagesnepal.com/2349034922291-join-illuminati-for-money-ritual-and-to-be-rich-and-famous
Dairy MItra,https://www.yellowpagesnepal.com/dairy-mitra
Ikerimah,https://www.yellowpagesnepal.com/ikerimah
Ikerimah,https://www.yellowpagesnepal.com/ikerimah3
Ikerimah,https://www.yellowpagesnepal.com/ikerimah4
Ikerimah,https://www.yellowpagesnepal.com/ikerimah5
Ō£ō[+2347036230889]Ō£ō how to join Illuminati occult for money ritual in nigeria,https://www.yellowpagesnepal.com/2347036230889--how-to-join-illuminati-occult-for-money-ritual-in-nigeria
gogovictoria,https://www.yellowpagesnepal.com/gogovictoria2
gogovictoria,https://www.yellowpagesnepal.com/gogovictoria3
+27682935641  SPELLS TO CAUSE DIVORCE IN NETHERLANDS-FRANCE-HUNGARY -ICELAND,https://www.yellowpagesnepal.com/27682935641-spells-to-cause-divorce-in-netherlands-france-hungary-iceland
gogo victoria,https://www.yellowpagesnepal.com/gogo-victoria
Ikerimah,https://www.yellowpagesnepal.com/ikerimah8
New Varsity Jacket,https://www.yellowpagesnepal.com/new-varsity-jacket
Extra Super Vidalista : Addressing Erectile Dysfunction in SD Patients,https://www.yellowpagesnepal.com/extra-super-vidalista-addressing-erectile-dysfunction-in-sd-patients
gogo victoria,https://www.yellowpagesnepal.com/gogo-victoria1
gogovictoria,https://www.yellowpagesnepal.com/gogovictoria4
gogovictoria,https://www.yellowpagesnepal.com/gogovictoria5
gogo victoria,https://www.yellowpagesnepal.com/gogo-victoria2
apsotech,https://www.yellowpagesnepal.com/apsotech2
Lucky Patcher,https://www.yellowpagesnepal.com/lucky-patcher1
pos,https://www.yellowpagesnepal.com/pos
Halloween Pumpkin head Hoodie,https://www.yellowpagesnepal.com/halloween-pumpkin-head-hoodie
gogo victoria,https://www.yellowpagesnepal.com/gogo-victoria3
gogovictoria,https://www.yellowpagesnepal.com/gogovictoria6
gogovictoria,https://www.yellowpagesnepal.com/gogovictoria7
Snaptiktok,https://www.yellowpagesnepal.com/snaptiktok
Buy Iverheal 6 Mg | Ivermectin |  Best Popular Cure for ED,https://www.yellowpagesnepal.com/buy-iverheal-6-mg-ivermectin-best-popular-cure-for-ed
IBM Certification,https://www.yellowpagesnepal.com/ibm-certification1
Vidmate,https://www.yellowpagesnepal.com/vidmate1
gogovictoria,https://www.yellowpagesnepal.com/gogovictoria8
gogovictoria,https://www.yellowpagesnepal.com/gogovictoria9
MetaFriendKim,https://www.yellowpagesnepal.com/metafriendkim
nsolarpanel,https://www.yellowpagesnepal.com/nsolarpanel
IBM Certification,https://www.yellowpagesnepal.com/ibm-certification
Number9,https://www.yellowpagesnepal.com/number91
Beautebarshop,https://www.yellowpagesnepal.com/beautebarshop
Buy Duratia Wholesale Price | Best Uses | Flatmeds.com,https://www.yellowpagesnepal.com/buy-duratia-wholesale-price-best-uses-flatmeds-com
kyle,https://www.yellowpagesnepal.com/kyle
kyle,https://www.yellowpagesnepal.com/kyle1
Tadalista 40 Mg | Tadalafil | Delivery | Review | It's Precautions,https://www.yellowpagesnepal.com/tadalista-40-mg-tadalafil-delivery-review-its-precautions
yydaixie,https://www.yellowpagesnepal.com/yydaixie
yydaixie,https://www.yellowpagesnepal.com/yydaixie1
ńĮæĶ»Šõ╗ŻõĖŖ,https://www.yellowpagesnepal.com/166
CFE Practice Exam,https://www.yellowpagesnepal.com/cfe-practice-exam
Idusakubrotherhood,https://www.yellowpagesnepal.com/idusakubrotherhood
Pikashow,https://www.yellowpagesnepal.com/pikashow2
reportajmee,https://www.yellowpagesnepal.com/reportajmee
chrismarshall5470,https://www.yellowpagesnepal.com/chrismarshall5470
"ŌśÄ***+27640409447 ŌśÄ.Afrochemical Supplier | Ssd Chemical Solution | Ssd Activation powder in Zimbabwe,Zambia,Namibia",https://www.yellowpagesnepal.com/27640409447--afrochemical-supplier-ssd-chemical-solution-ssd-activation-powder-in-zimbabwe-zambia-namibia1
Lahore Escorts,https://www.yellowpagesnepal.com/lahore-escorts
Manforce 100 Mg   in Relationship Dynamics,https://www.yellowpagesnepal.com/manforce-100-mg-in-relationship-dynamics
Spotify Premium APK,https://www.yellowpagesnepal.com/spotify-premium-apk2
https://globalusasmm.com/product/buy-verified-cash-app-accounts/,https://www.yellowpagesnepal.com/https-globalusasmm-com-product-buy-verified-cash-app-accounts
slotcloudcasino,https://www.yellowpagesnepal.com/slotcloudcasino
Spotify Premium APK,https://www.yellowpagesnepal.com/spotify-premium-apk4
"@ Get Ssd Chemical Solution and Activation Powder on Sale +27833928661 In UK,USA,UAE,Kenya,Kuwait,Oman,Dubai,Qatar,New Castle",https://www.yellowpagesnepal.com/get-ssd-chemical-solution-and-activation-powder-on-sale-27833928661-in-uk-usa-uae-kenya-kuwait-oman-dubai-qatar-new-castle
Order Aurogra 100 Mg medication at low price no - Flatmeds,https://www.yellowpagesnepal.com/order-aurogra-100-mg-medication-at-low-price-no-flatmeds
thecleaningideal,https://www.yellowpagesnepal.com/thecleaningideal
mamajanice,https://www.yellowpagesnepal.com/mamajanice
Sildisoft Tablets | Reviews | Side Effects | Price | Uses | Low Price,https://www.yellowpagesnepal.com/sildisoft-tablets-reviews-side-effects-price-uses-low-price
"BUY HIGH QUALITY COUNTERFEIT BANK NOTES Whats App:+27833928661 FOR SALE IN UK,USA,UAE,KENYA,KUWAIT,OMAN,DUBAI,QATAR,NEW CASTLE",https://www.yellowpagesnepal.com/buy-high-quality-counterfeit-bank-notes-whats-app-27833928661-for-sale-in-uk-usa-uae-kenya-kuwait-oman-dubai-qatar-new-castle
OnStream,https://www.yellowpagesnepal.com/onstream1
"Buy Undetectable Counterfeit Money WhatsApp+27833928661 For Sale In UK,USA,UAE,Kenya,Kuwait,Oman,Dubai,Qatar,New Castle",https://www.yellowpagesnepal.com/buy-undetectable-counterfeit-money-whatsapp27833928661-for-sale-in-uk-usa-uae-kenya-kuwait-oman-dubai-qatar-new-castle
OnStream,https://www.yellowpagesnepal.com/onstream2
"BUY 100% UNDETECTABLE COUNTERFEIT MONEY AVAILABLE !CONTACT!Whatsapp:..+27833928661 FOR SALE IN UK,USA,UAE,KENYA,KUWAIT,OMAN,DUBAI,QATAR,NEW CASTLE",https://www.yellowpagesnepal.com/buy-100-undetectable-counterfeit-money-available-contact-whatsapp-27833928661-for-sale-in-uk-usa-uae-kenya-kuwait-oman-dubai-qatar-new-castle
"@Buy 100% Undetectable Counterfeit Money ((+27833928661)) For Sale In UK,USA,UAE,Kenya,Kuwait,Oman,Dubai,Qatar,New Castle",https://www.yellowpagesnepal.com/buy-100-undetectable-counterfeit-money-27833928661-for-sale-in-uk-usa-uae-kenya-kuwait-oman-dubai-qatar-new-castle
"100% Undetected.+27833928661 Counterfeit Money For Sale In UK,USA,UAE,Kenya,Kuwait,Oman,Dubai,Qatar,New Castle",https://www.yellowpagesnepal.com/100-undetected-27833928661-counterfeit-money-for-sale-in-uk-usa-uae-kenya-kuwait-oman-dubai-qatar-new-castle
"+27833928661 We sell Undetectable Grade AAA Dollars Passes in ATM %100 .Contact me On +27833928661 For Sale In UK,USA,UAE,Kenya,Kuwait,Oman,Dubai,Qatar,New Castle",https://www.yellowpagesnepal.com/27833928661-we-sell-undetectable-grade-aaa-dollars-passes-in-atm-100-contact-me-on-27833928661-for-sale-in-uk-usa-uae-kenya-kuwait-oman-dubai-qatar-new-castle
"(+27833928661) BUY TOP GRADE COUNTERFEIT MONEY ONLINE ,FAKE QUALITY AUSTRALIAN DOLLARS FOR SALE IN UK,USA,UAE,KENYA,KUWAIT,OMAN,DUBAI,QATAR,NEW CASTLE",https://www.yellowpagesnepal.com/27833928661-buy-top-grade-counterfeit-money-online-fake-quality-australian-dollars-for-sale-in-uk-usa-uae-kenya-kuwait-oman-dubai-qatar-new-castle
"Undetectable Counterfeit Money For Sale, Buy Fake Money,+27833928661 In UK,USA,UAE,Kenya,Kuwait,Oman,Dubai,Qatar,New Castle",https://www.yellowpagesnepal.com/undetectable-counterfeit-money-for-sale-buy-fake-money-27833928661-in-uk-usa-uae-kenya-kuwait-oman-dubai-qatar-new-castle
"BUY UNIVERSAL SSD CHEMICAL SOLUTION +27833928661 FOR SALE BUY ONE GET ONE FREE IN UK,USA,UAE,KENYA,KUWAIT,DUBAI,NEW CASTLE",https://www.yellowpagesnepal.com/buy-universal-ssd-chemical-solution-27833928661-for-sale-buy-one-get-one-free-in-uk-usa-uae-kenya-kuwait-dubai-new-castle
"+++++SSD UNIVERSAL CHEMICALS SOLUTIONS FOR SALE +27833928661 IN UK,USA,UAE,KENYA,KUWAIT,OMAN,DUBAI,QATAR,NEW CASTLE",https://www.yellowpagesnepal.com/ssd-universal-chemicals-solutions-for-sale-27833928661-in-uk-usa-uae-kenya-kuwait-oman-dubai-qatar-new-castle
"@+27833928661 Ssd Chemical Solution For Sale In Pretoria,UK,USA,UAE,Kenya,Kuwait,Oman,Dubai,Qatar,New Castle",https://www.yellowpagesnepal.com/27833928661-ssd-chemical-solution-for-sale-in-pretoria-uk-usa-uae-kenya-kuwait-oman-dubai-qatar-new-castle
